{"cameraMode":{"drawMode":0,"name":"Shaded","section":"Shading Mode"},"sceneLighting":true,"audioPlay":false,"sceneViewState":{"m_AlwaysRefresh":false,"showFog":true,"showSkybox":true,"showFlares":true,"showImageEffects":true,"showParticleSystems":true,"showVisualEffectGraphs":true,"m_FxEnabled":true},"in2DMode":false,"pivot":{"x":-7.103049278259277,"y":-17.755403518676759,"z":12.987930297851563},"rotation":{"x":-0.1600503772497177,"y":0.8128898739814758,"z":-0.49427273869514468,"w":-0.26327770948410036},"size":26.740297317504884,"orthographic":false}